outcome,model,term,coef,std_err,t,p_value,nobs,r2,adj_r2
ROA_annual_mean,M1_traditional_yearFE,z_traditional,0.044921935508753334,0.03215558205993308,1.3970182665338082,0.16240807818844438,2029,0.058652190587983544,0.054924080451698276
ROA_annual_mean,M1_traditional_yearFE,z_log_assets,0.054203002135948995,0.038043729248737085,1.4247552278999658,0.15422796848104328,2029,0.058652190587983544,0.054924080451698276
ROA_annual_mean,M2_ai_yearFE,z_ai,0.004421712981092662,0.03294123127652385,0.13423034931435227,0.8932204277872557,2029,0.05644092420065994,0.052704056573731894
ROA_annual_mean,M2_ai_yearFE,z_log_assets,0.05055907222049139,0.0442193534788342,1.143369774609928,0.25288509629363953,2029,0.05644092420065994,0.052704056573731894
ROA_annual_mean,M3_both_yearFE,z_traditional,0.047258581645293105,0.0314191409807895,1.5041334731012619,0.1325470030560508,2029,0.05872780568733449,0.05453194152249352
ROA_annual_mean,M3_both_yearFE,z_ai,-0.008926160130717033,0.03202908751280179,-0.2786891798634386,0.7804833668842017,2029,0.05872780568733449,0.05453194152249352
ROA_annual_mean,M3_both_yearFE,z_log_assets,0.056798966179971135,0.042572624248842124,1.3341664316480546,0.18214931816905466,2029,0.05872780568733449,0.05453194152249352
ROA_annual_mean,C1_covid_exposure_2020_2022,z_traditional,0.061941598746943584,0.029669284111624318,2.087734861208703,0.03682175831872752,838,0.07923138807676655,0.07258323925421606
ROA_annual_mean,C1_covid_exposure_2020_2022,z_ai,-0.057447280603012206,0.03645855245577079,-1.5756873691763713,0.11509786976333175,838,0.07923138807676655,0.07258323925421606
ROA_annual_mean,C1_covid_exposure_2020_2022,z_annual_mean_covid_overall_exposure_main_hcr,-0.04492969102970989,0.03672116991678187,-1.2235364813139207,0.2211271339352564,838,0.07923138807676655,0.07258323925421606
ROA_annual_mean,C1_covid_exposure_2020_2022,z_log_assets,-0.002135509224194578,0.0325279442455608,-0.06565152743970344,0.9476552646026519,838,0.07923138807676655,0.07258323925421606
ROA_annual_mean,C2_ai_x_covid_exposure_2020_2022,z_traditional,0.06575176669684128,0.030167130785142833,2.1795830423894245,0.02928838292721354,838,0.08293432407100199,0.07520003523786589
ROA_annual_mean,C2_ai_x_covid_exposure_2020_2022,z_ai,-0.05666241515403777,0.036255251763092376,-1.5628746843159358,0.11808207323172074,838,0.08293432407100199,0.07520003523786589
ROA_annual_mean,C2_ai_x_covid_exposure_2020_2022,z_annual_mean_covid_overall_exposure_main_hcr,-0.037832355136330244,0.03366486037382935,-1.1237936149511154,0.26110059084438464,838,0.08293432407100199,0.07520003523786589
ROA_annual_mean,C2_ai_x_covid_exposure_2020_2022,z_ai:z_annual_mean_covid_overall_exposure_main_hcr,-0.059643006212299024,0.03714008783850742,-1.6058929766574281,0.10829742695578179,838,0.08293432407100199,0.07520003523786589
ROA_annual_mean,C2_ai_x_covid_exposure_2020_2022,z_log_assets,-0.004964960307383273,0.03253536236450212,-0.1526019674150093,0.8787121734008928,838,0.08293432407100199,0.07520003523786589
ROA_annual_mean,C3_traditional_x_covid_exposure_2020_2022,z_traditional,0.06192629058162625,0.02966940234376727,2.0872105836211854,0.03686910320397218,838,0.07957604956378628,0.0718134379336014
ROA_annual_mean,C3_traditional_x_covid_exposure_2020_2022,z_ai,-0.05901038062845111,0.03680252742648682,-1.603432827985104,0.10883912817451194,838,0.07957604956378628,0.0718134379336014
ROA_annual_mean,C3_traditional_x_covid_exposure_2020_2022,z_annual_mean_covid_overall_exposure_main_hcr,-0.045846544743119666,0.03717384383409414,-1.2333011605614839,0.21746342506664185,838,0.07957604956378628,0.0718134379336014
ROA_annual_mean,C3_traditional_x_covid_exposure_2020_2022,z_traditional:z_annual_mean_covid_overall_exposure_main_hcr,0.017966503772082663,0.02123229140257461,0.8461876973817372,0.39744804394475375,838,0.07957604956378628,0.0718134379336014
ROA_annual_mean,C3_traditional_x_covid_exposure_2020_2022,z_log_assets,-0.0014822504885013308,0.03241480911297558,-0.045727571102924955,0.9635273882272951,838,0.07957604956378628,0.0718134379336014
ROA_annual_mean,C4_both_interactions_2020_2022,z_traditional,0.06614340476604129,0.03024743544131695,2.1867442247910938,0.02876120118259317,838,0.08394368133373198,0.0751035721065545
ROA_annual_mean,C4_both_interactions_2020_2022,z_ai,-0.05930968784218207,0.03695876528152433,-1.604752956177109,0.10854818269779186,838,0.08394368133373198,0.0751035721065545
ROA_annual_mean,C4_both_interactions_2020_2022,z_annual_mean_covid_overall_exposure_main_hcr,-0.038656313669433326,0.034074414725786234,-1.1344674290232102,0.2565985287111848,838,0.08394368133373198,0.0751035721065545
ROA_annual_mean,C4_both_interactions_2020_2022,z_ai:z_annual_mean_covid_overall_exposure_main_hcr,-0.06619261740468889,0.04021969537345994,-1.6457761996966263,0.09980984408227676,838,0.08394368133373198,0.0751035721065545
ROA_annual_mean,C4_both_interactions_2020_2022,z_traditional:z_annual_mean_covid_overall_exposure_main_hcr,0.03141881303968937,0.025261169155017804,1.2437592593947073,0.2135881787500662,838,0.08394368133373198,0.0751035721065545
ROA_annual_mean,C4_both_interactions_2020_2022,z_log_assets,-0.004133290221564804,0.032421168946504424,-0.12748739036475876,0.8985546527776139,838,0.08394368133373198,0.0751035721065545
StockReturn_annual_compound_w,M1_traditional_yearFE,z_traditional,-0.0021874644500648175,0.017912885514289132,-0.12211681073492454,0.9028065084793411,2018,0.4679856292844836,0.4658671051601809
StockReturn_annual_compound_w,M1_traditional_yearFE,z_log_assets,0.02685018564118302,0.016843018817483922,1.5941433024649443,0.11090394203279656,2018,0.4679856292844836,0.4658671051601809
StockReturn_annual_compound_w,M2_ai_yearFE,z_ai,0.04396487801283926,0.017006598792319194,2.5851658259084362,0.009733217296123305,2018,0.46974560027666457,0.46763408449877175
StockReturn_annual_compound_w,M2_ai_yearFE,z_log_assets,0.014631101036666068,0.017700832269160416,0.8265770114186868,0.40847685164226777,2018,0.46974560027666457,0.46763408449877175
StockReturn_annual_compound_w,M3_both_yearFE,z_traditional,-0.01457053020366017,0.01761143565360673,-0.8273334718556123,0.40804807703566703,2018,0.46993965970613594,0.4675638912486435
StockReturn_annual_compound_w,M3_both_yearFE,z_ai,0.04801770079816168,0.016668344073640276,2.880772114255671,0.003967023504302137,2018,0.46993965970613594,0.4675638912486435
StockReturn_annual_compound_w,M3_both_yearFE,z_log_assets,0.012767865210231901,0.01797539996882882,0.7102965849089692,0.4775202371429407,2018,0.46993965970613594,0.4675638912486435
StockReturn_annual_compound_w,C1_covid_exposure_2020_2022,z_traditional,0.01929744877794927,0.025146529216460142,0.7674000897633919,0.44284367518356793,836,0.5420285120452808,0.5387138812518812
StockReturn_annual_compound_w,C1_covid_exposure_2020_2022,z_ai,0.07137818870280706,0.026494905874559903,2.6940344321563927,0.007059287167351374,836,0.5420285120452808,0.5387138812518812
StockReturn_annual_compound_w,C1_covid_exposure_2020_2022,z_annual_mean_covid_overall_exposure_main_hcr,-0.05183346495453179,0.023064104111052332,-2.2473652002677684,0.02461669711877322,836,0.5420285120452808,0.5387138812518812
StockReturn_annual_compound_w,C1_covid_exposure_2020_2022,z_log_assets,-0.009714843781044907,0.024227152340509213,-0.40098991596305444,0.6884275482502564,836,0.5420285120452808,0.5387138812518812
StockReturn_annual_compound_w,C2_ai_x_covid_exposure_2020_2022,z_traditional,0.023432268758465127,0.02522055318575654,0.9290941632358264,0.3528402890677118,836,0.5447965832657377,0.540948245201559
StockReturn_annual_compound_w,C2_ai_x_covid_exposure_2020_2022,z_ai,0.07221290501291745,0.026705286416713946,2.7040677971430336,0.006849631214755493,836,0.5447965832657377,0.540948245201559
StockReturn_annual_compound_w,C2_ai_x_covid_exposure_2020_2022,z_annual_mean_covid_overall_exposure_main_hcr,-0.04411921327628273,0.022781687618155255,-1.9366086488308754,0.05279319993859355,836,0.5447965832657377,0.540948245201559
StockReturn_annual_compound_w,C2_ai_x_covid_exposure_2020_2022,z_ai:z_annual_mean_covid_overall_exposure_main_hcr,-0.06551753194371132,0.03039926220315478,-2.1552342785777223,0.031143505766311058,836,0.5447965832657377,0.540948245201559
StockReturn_annual_compound_w,C2_ai_x_covid_exposure_2020_2022,z_log_assets,-0.012907376439496444,0.024200829368372,-0.5333443843195333,0.5937952087566462,836,0.5447965832657377,0.540948245201559
StockReturn_annual_compound_w,C3_traditional_x_covid_exposure_2020_2022,z_traditional,0.01932926437177255,0.02530454530358942,0.7638653111475082,0.4449475112717114,836,0.5433888543966232,0.5395286152429715
StockReturn_annual_compound_w,C3_traditional_x_covid_exposure_2020_2022,z_ai,0.07530295477230481,0.027149894872269705,2.773600234055328,0.005543975861105522,836,0.5433888543966232,0.5395286152429715
StockReturn_annual_compound_w,C3_traditional_x_covid_exposure_2020_2022,z_annual_mean_covid_overall_exposure_main_hcr,-0.04954150006235579,0.022714500574509747,-2.181051698664744,0.029179592838932296,836,0.5433888543966232,0.5395286152429715
StockReturn_annual_compound_w,C3_traditional_x_covid_exposure_2020_2022,z_traditional:z_annual_mean_covid_overall_exposure_main_hcr,-0.04531623584605991,0.02648893781847925,-1.7107607770684687,0.08712528295339154,836,0.5433888543966232,0.5395286152429715
StockReturn_annual_compound_w,C3_traditional_x_covid_exposure_2020_2022,z_log_assets,-0.011375507773968827,0.024229659332866183,-0.46948690518890557,0.6387216426754376,836,0.5433888543966232,0.5395286152429715
StockReturn_annual_compound_w,C4_both_interactions_2020_2022,z_traditional,0.02301620056708144,0.02521164899570291,0.9129192846927362,0.3612849941859211,836,0.5455063673966666,0.5411098147233574
StockReturn_annual_compound_w,C4_both_interactions_2020_2022,z_ai,0.07502096658482178,0.027088867403699337,2.769439026992199,0.005615291340574196,836,0.5455063673966666,0.5411098147233574
StockReturn_annual_compound_w,C4_both_interactions_2020_2022,z_annual_mean_covid_overall_exposure_main_hcr,-0.04324761820866989,0.022748331246591202,-1.9011336585469525,0.05728450791403786,836,0.5455063673966666,0.5411098147233574
StockReturn_annual_compound_w,C4_both_interactions_2020_2022,z_ai:z_annual_mean_covid_overall_exposure_main_hcr,-0.058552712210657006,0.03090792154879614,-1.894424124191477,0.05816873684332586,836,0.5455063673966666,0.5411098147233574
StockReturn_annual_compound_w,C4_both_interactions_2020_2022,z_traditional:z_annual_mean_covid_overall_exposure_main_hcr,-0.03344705901978766,0.025772696077440926,-1.297771056597535,0.19436601820131238,836,0.5455063673966666,0.5411098147233574
StockReturn_annual_compound_w,C4_both_interactions_2020_2022,z_log_assets,-0.013793700076175208,0.024198719665535672,-0.570017764031561,0.5686656497236412,836,0.5455063673966666,0.5411098147233574
