,Traditional_index_0_100,Traditional_score_tfidf,Traditional_index_risk_adjusted_0_100,Digital_risk_disclosure_score,AI_full_document_index_0_100_v3,AI_full_investment_type,AI_full_strategic_importance,AI_full_implementation_stage,AI_full_time_horizon
Traditional_index_0_100,1.0,0.8976638966044903,0.9531299574444533,0.22740488691180857,0.2468555579760837,0.24972537360348726,0.23911261843359727,0.2374531510793619,0.22835128052804565
Traditional_score_tfidf,0.8976638966044903,1.0,0.8688273272866059,0.16823452727097343,0.21590251567322544,0.21946380559040765,0.20438976047202045,0.21793073288385997,0.1952467680639645
Traditional_index_risk_adjusted_0_100,0.9531299574444533,0.8688273272866059,1.0,-0.045280537401621856,0.21528960398076138,0.2227243174583795,0.2062172977948521,0.2093556015920153,0.1948857457252539
Digital_risk_disclosure_score,0.22740488691180857,0.16823452727097343,-0.045280537401621856,1.0,0.11806003218772881,0.1042237343495685,0.12110703342127249,0.10707101937862756,0.1223692111215309
AI_full_document_index_0_100_v3,0.2468555579760837,0.21590251567322544,0.21528960398076138,0.11806003218772881,1.0,0.9519768883512955,0.9832026477436729,0.9498858355048657,0.9777489230825424
AI_full_investment_type,0.24972537360348726,0.21946380559040765,0.2227243174583795,0.1042237343495685,0.9519768883512955,1.0,0.918011032533773,0.8633784127453791,0.8906107511711897
AI_full_strategic_importance,0.23911261843359727,0.20438976047202045,0.2062172977948521,0.12110703342127249,0.9832026477436729,0.918011032533773,1.0,0.9081275477601557,0.9662195894868538
AI_full_implementation_stage,0.2374531510793619,0.21793073288385997,0.2093556015920153,0.10707101937862756,0.9498858355048657,0.8633784127453791,0.9081275477601557,1.0,0.916081161164636
AI_full_time_horizon,0.22835128052804565,0.1952467680639645,0.1948857457252539,0.1223692111215309,0.9777489230825424,0.8906107511711897,0.9662195894868538,0.916081161164636,1.0
