,count,mean,std,min,25%,50%,75%,max
Traditional_index_0_100,2029.0,49.97530958486927,28.78653401371191,0.2179176755447942,25.0363196125908,49.9273607748184,74.86682808716706,100.0
AI_full_document_index_0_100_v3,2029.0,44.44665469149081,27.732338106760402,0.0,25.0,56.25,68.75,100.0
AI_full_investment_type,2029.0,2.6459714755740005,1.1815636938278578,1.0,2.0,3.0,4.0,5.0
AI_full_strategic_importance,2029.0,2.9671319250893773,1.2113676877171686,1.0,2.0,3.0,4.0,5.0
AI_full_implementation_stage,2029.0,2.478465745622179,0.9730367603310718,1.0,2.0,3.0,3.0,5.0
AI_full_time_horizon,2029.0,3.0198956043529726,1.224301030831025,1.0,2.0,4.0,4.0,5.0
AI_full_digital_relevance,2029.0,2.8148157597691674,1.2151336988645822,1.0,2.0,3.0,4.0,5.0
AI_full_confidence,2029.0,85.87882927845905,2.9769786889128755,70.0,85.0,85.0,89.99999999999999,95.0
AI_minus_Traditional_index,2029.0,-5.528654893378467,34.693064133413316,-99.80629539951576,-25.1543583535109,-6.246973365617434,19.739709443099272,77.13680387409201
